<?xml version="1.0" encoding="UTF-8"?>

<extension type="module" version="2.5" client="site" method="upgrade">
  <name>Módulo Redes Sociais</name>
  <author>Ricardo Morais</author>
  <creationDate>November 2013</creationDate>
  <copyright>Copyright (C) 2005 - 2013 Open Source Matters. All rights reserved.</copyright>
  <license>GNU General Public License version 2 or later; see LICENSE.txt</license>
  <authorEmail>ricardo.rm2@gmail.com</authorEmail>
  <authorUrl />
  <version>1.0.0</version>
  <description>Módulo de Redes Sociais - Twitter e Facebook. Para o funcionamento correto é necessário ter as bibliotecas(javascript) do bootstrap e JQuery no templete do projeto.</description>
  <files>
    <filename module="mod_redes_sociais">mod_redes_sociais.php</filename>
    <folder>tmpl</folder>
	<filename>index.html</filename>
	<filename>helper.php</filename>
    <filename>mod_redes_sociais.xml</filename>
  </files>
  <languages>
    <language tag="en-GB">en-GB.mod_redes_sociais.ini</language>
    <language tag="en-GB">en-GB.mod_redes_sociais.sys.ini</language>
  </languages>
  <help key="JHELP_EXTENSIONS_MODULE_MANAGER_MOST_READ" />
  <config>
    <fields name="params">
      <fieldset name="basic" label="Primeiro item">
        <field name="first_item" type="radio" default="twitter" label="Primeiro item" description="Escolha o item que será apresentado primeiro.">
          <option value="twitter">Twitter</option>
          <option value="facebook">Facebook</option>
        </field>
      </fieldset>
      <fieldset name="twitter" label="Twitter - Configurações">
        <field name="twitter_height" type="text" default="350" label="Altura do módulo" description="Altura do módulo twitter. Não é necessário acrescentar 'px' ao final do valor." />
        <field name="twitter_widget_id" type="text" default="" label="Widget ID" description="ID do widget no twitter. Necessário gerar o widget no twitter para passar o número de ID do widget." />
        <field name="twitter_user" type="text" default="" label="Usuário do Twitter" description="Conta de usuário do twitter/canal." />
        <field name="twitter_text_link_error" type="text" default="Microblog" label="Texto - Link da mensagem de erro" description="Quando ocorre um erro e o módulo de twitter não é carregado é apresentado um link para a Conta do twitter configurada, mas você pode alterar o texto do link. Ex: Acesse o Microblog Portal Brasil." size="55" />
        <field name="twitter_class" type="text" default="" label="Classe módulo Twitter" description="classe css adicional para módulo twitter" />

      </fieldset>
      <fieldset name="facebook" label="Facebook - Configurações">
        <field name="facebook_appId" type="text" default="" label="Facebook AppId" description="Insira Id de desenvolvedor de apps do facebook se você possuir." />
        <field name="facebook_page_url" type="text" default="" label="Facebook Page URL." description="URL da página do Facebook. Ex: www.facebook.com/ministeriodaeducacao"  size="55" />
        <field name="facebook_width" type="text" default="234" label="Largura" description="A largura do módulo facebook em pixels. Inserir somente o número, não e necessário colocar 'px'. Largura mínima é de 230." />
        <field name="facebook_height" type="text" default="350" label="Altura" description="Altura do módulo Facebook em pixels. Inserir somente o número, não e necessário colocar 'px'." />
        <field name="facebook_colorscheme" type="list" default="light" label="Esquema de cores" description="Esquema de cores padrão do módulo.">
          <option value="dark">Dark</option>
          <option value="light">Light</option>
        </field>
        <field name="facebook_show_faces" type="list" default="false" label="Exibir fotos de perfil" description="Especifica se deve exibir fotos de perfil de pessoas que gostam da página.">
          <option value="true">Sim</option>
          <option value="false">Não</option>
        </field>
        <field name="facebook_header" type="list" default="true" label="Cabeçalho do módulo" description="Especifica se deve exibir o cabeçalho Facebook no topo do módulo.">
          <option value="true">Sim</option>
          <option value="false">Não</option>
        </field>
        <field name="facebook_stream" type="list" default="true" label="Exibir Stream" description="Especifica se deve exibir um fluxo das últimas mensagens na página">
          <option value="true">Sim</option>
          <option value="false">Não</option>
        </field>
        <field name="facebook_show_border" type="list" default="true" label="Exibir borda" description="Especifica se deve ou não mostrar uma borda ao redor do módulo facebook.">
          <option value="true">Sim</option>
          <option value="false">Não</option>
        </field>
        <field name="facebook_class" type="text" default="" label="Classe do módulo Facebook" description="classe css adicional para módulo Facebook" />
      </fieldset>
      <fieldset name="advanced">
        <field name="layout" type="modulelayout" label="JFIELD_ALT_LAYOUT_LABEL" description="JFIELD_ALT_MODULE_LAYOUT_DESC" />
        <field name="moduleclass_sfx" default="span4 module-twitter-facebook" type="textarea" label="COM_MODULES_FIELD_MODULECLASS_SFX_LABEL" description="COM_MODULES_FIELD_MODULECLASS_SFX_DESC" />
        <field name="cache" type="list" default="1" label="COM_MODULES_FIELD_CACHING_LABEL" description="COM_MODULES_FIELD_CACHING_DESC">
          <option value="1">JGLOBAL_USE_GLOBAL</option>
          <option value="0">COM_MODULES_FIELD_VALUE_NOCACHING</option>
        </field>
        <field name="cache_time" type="text" default="900" label="COM_MODULES_FIELD_CACHE_TIME_LABEL" description="COM_MODULES_FIELD_CACHE_TIME_DESC" />
        <field name="cachemode" type="hidden" default="static">
          <option value="static" />
        </field>
      </fieldset>
    </fields>
  </config>
</extension>